title,description,city_slug,neighborhood_slug,cat2_slug,cat3_slug,listing_type,real_estate_service_text_group
۸۰ متر نو سازخیابان سعدی/ملارد/سراسیاب/املاک محمدی,"۸۰ متر نوساز کلید نخورده
✅دوخواب
✅روب نما
✅مناسب سرمایه گذاری
✅پارکینگ و انباری
✅خوش نقشه
✅ ۸۰۰نقد ۷۵۰ هنگام تحویل ملک
❌قیمت کل ۱۵۵۰
✅تحویل ۴۰ روزه
✅قایلیت رهن تا ۳۰۰ میلیون
✅سقف کنف
✅مناسب سرمایه گذاری
✅فروش فوری زیر قیمت کل منطقه
⚜️املاک محمدی
‼️ادرس دفتر جاده ملارد روبرو خ مصیب زاده ابتدای خ هاشم",karaj,malard,real-estate-services,presell,real_estate_service,text_presell_or_project
64متری پیش فروش واوان,"پیش فروش آپارتمان✅

محدوده: واوان✓هشت بهشت✅

64متر 1خواب ✅

پنج طبقه کلا ده واحد ✅

تحویل 5ماهه✅

سازنده بنام ✅

فایل های مشابه موجود است✅

اطلاعات بیشتر و هماهنگی تماس✅",eslamshahr,,real-estate-services,presell,real_estate_service,text_presell_or_project
۸۵ متر الهیه پیش فروش,"سلام احترام 
واحد ۸۵ متری سر جلو 
آفتابگیر 
کنار پارک 
فول امکانات 
واحد ریز 
زمین جنوبی 
در حال حاضر مرحله تیغه چینی 
سازه قوی 
و شکیل 
نمای شیک برابر با عکس های طراحی 
۶۰ درصد نقد الباقی طی مراحل 
سند ۱۰۰ 
تحویل ۱۰۰ 
املاک جواهری عضو رسمی اتحادیه 
کلیه قراردادهادهولوگرام می‌شود",mashhad,elahiyehblvd,real-estate-services,presell,real_estate_service,text_presell_or_project
فروش آپارتمان دو خوابه فاز ۱ صدرا,"پیش فروش آپارتمان دو خوابه فاز ۱ سند ملکی
موقعیت عالی  آپارتمان های تعاونی فرهنگیان 
سند از همان اول بنام خریدار .
 موقعیت و آینده عالی
با قیمت استثنایی .1.450.000
دارای وام
لطفا جهت کنجکاوی تماس نگیرید با تشکر.",shiraz,farhangian-shiraz,real-estate-services,presell,real_estate_service,text_presell_or_project
پیشفروش تجاری+اداری از۳متربطوراقساط قطعی/المپیامال,"آیا به دنبال یک سرمایه‌گذاری پرسود و آینده‌دارهستید؟

✅مجتمع اداری و تجاری لوکس ما، واقع در ضلع اصلی میدان [ المپیک ]، فرصتی استثنایی را برای شما فراهم می‌کند. 
✅این پروژه بی‌نظیر که در منطقه‌ای با پتانسیل رشد بسیار بالا قرار گرفته، اولین و تنها مجتمع تجاری و اداری در این محدوده است.

چرا این پروژه ",tehran,chitgar-lake,real-estate-services,presell,real_estate_service,text_presell_or_project
زمین مناسب ساخت وساز روستا,"یک قطعه زمین به متراژ ۴۸۰ مترمربع(عرض۲۰متروطول۲۴،۵)درمحله پایین هم به صورت یکجا و هم ۳۰۰مترو۱۸۰مترجدافروخته می‌شود.
قیمت توافقی",khomein,,real-estate-services,presell,real_estate_service,text_presell_or_project
فروش سهام پاساژ ثامن,بعلت نیازمالی تعدادی سهام پروژه  ثامن واقع در ابتدای ولیعصر بفروش میرسد,mashhad,ghoochan,real-estate-services,presell,real_estate_service,text_presell_or_project
پیش فروش آپارتمان ۱۲۰ متر رویی اسکلت /در حال ساخت,"بزرگ فکرکن،بزرگ بخواه
نه خدا بخیله، نه تو لیاقت چیزای کمی رو داری

       ««فروش بصورت سهام و واحد کامل»»
«پروژه ای درحال ساخت با ۶۰درصد پیشرفت فیزیکی


1️⃣4️⃣طبقه مسکونی
1️⃣طبقه لابی و 2️⃣طبقه پارکینگ 

تو هرمرحله به قیمت روز میتونی بفروشی،حتی به خود تعاونی …
اعتبار و رزومه طلایی سازنده تضمین سرمای",tehran,chitgar,real-estate-services,presell,real_estate_service,text_presell_or_project
پیش فروش ۱۳۰و ۱۴۰و۲۷۰و۲۲۰ متری,۷طبقه،۱۱واحد می باشد واحدهای قابل فروش طبقه اول و دوم و پنجم و هفتم. دارای لوکیشن عالی، امیرکلا نیما۱. ساختمان دارای اسکلت بتنی فوق العاده محکم و میکروپایل و دیوارهای دوجداره و سند ملک و تحویل پایان سال ۱۴۰۳,babol,,real-estate-services,presell,real_estate_service,text_presell_or_project
پیش فروش اپارتمان ۱۵۰ متری اشراق,"اپارتمان پیش فروش ۱۵۰ متری تک واحدی بهترین لوکیشن اشراق تحویل ۱۷ ماه دیگر
۵۰ درصد اول
۵۰ درصد طی مراحل",isfahan,shahreza,real-estate-services,presell,real_estate_service,text_presell_or_project
۱۲۲متر ۳ خواب تکواحدی کلید نخورده,"✅انتخاب خود را به رخ بکشید

کلید نخورده
متریال برند دارای روف گاردن آلاچیق
تکواحدی و‌خوش نقشه
سرمایش و‌گرمایش داکت اسپیلت
فول امکانات دارای پارکینگ و‌انباری سندی
تحویل  اول برج ۷ که ۱۰درصد از مبلغ کل کسر میشود
انتقال سند برج یک ۱۴۰۴ که ۱۰درصد از مبلغ کل کسر میشود
با پرداخت ۸۰ درصد از مبلغ صاحب خانه ",tehran,sadeghiyeh,real-estate-services,presell,real_estate_service,text_presell_or_project
پروژه نگین پیروزی,باسلام  تعداد  ۱۸ سهم از پروژه نگین پلاس پیروزی  به فروش  میرسد  تمام واریزی ها انجام  شده سند دست اول قیمت  هر سهم  ۸۰,tehran,sheykh-al-raeis,real-estate-services,presell,real_estate_service,text_presell_or_project
هوایی با آسانسور,"باسلام خدمت دوستان 
هوایی پنجم روی پیلوت با آسانسور روشن 
و پشت بام اختصاصی 
سر دو نبش خیابان 20متری 
موقعیت جغرافیایی عالی 
72متر 
بفروش می‌رسد 
قمت495تومان",mashhad,bolvartoos,real-estate-services,presell,real_estate_service,text_presell_or_project
۶۰تا۱۵۰متر با وام/تهاتر/سند تک برگ/شریف/فول مشاعات,"بسم الله الرحمن الرحیم 
فروش ویژه اختصاصی ، لوکیشنی بی نظیر 
ویو ابدی بر فراز بام چیتگر

اینبار بدون واسطه و بدون کمیسیون مستقیم از شرکت تعاونی
 
 دسترسی اسان به مراکز تجاری تفریحی و گردشگری منطقه ۲۲ و تمامی شاهراههای اصلی تهران همت و حکیم 

پروژه لوکس اکاش در متراژهای ۶۰و ۹۰ و ۱۲۰ و ۱۵۰ متر فول امک",tehran,chitgar,real-estate-services,presell,real_estate_service,text_presell_or_project
پیش فروش 95متری/اقاکاظم,"باسلام 
پیش فروش 95 متری
طبقه اهرطبقه دوواحد
قیمت2/560م
پیش پرداخت اولیه 1میلیاردالباقی باتوافق 
دارای وام 350میلیونی که ازمبلغ کل کسرمیگردد
واقع دراقاکاظم
برای بازدیدبه مشاوراملاک شهبازی واقع درچهارراه باغمیشه مراجعه کنید",ardabil,,real-estate-services,presell,real_estate_service,text_presell_or_project
۱۴۲متر/برج باغ مدرن/وام دار/اقساط بلند مدت,"پیش فروش با شرایط پرداخت ویژه

وام ۸۰۰میلیونی ساخت بازپرداخت ۱۲ ساله

انتقالات قانونی و کدرهگیری سازمان ثبت اسناد و ملاک کشور به نام خریدار حین قرارداد

قرارداد مستقیم با تعاونی بدون دخالت واسطه و پرداخت کمیسیون 

سازنده بنام منطقه 

از اولین امضا تا تحویل کلید همراه شما هستیم 

کسب اطلاعات بیشتر، ب",tehran,chitgar-lake,real-estate-services,presell,real_estate_service,text_presell_or_project
پیش فروش اپارتمان,برج باغ صد متری واقع در فردیس قریشی شمالی ،۱۵طبقه.۱۲طبقه مسکونی و۳طبقه مشاعات ،شامل.پارکینگ.پارکینگ مهمان استخر مجزا برای خانمها و آقایان ۲۴ساعته.باشگاه بدنسازی مجزا برای خانمها و آقایان ۲۴ساعته.حراصت ۲۴ساعته‌کافی شاپ. سینما.سالن اجتماعات.اتاق مانیتورینگ ولابی مجلل ومبله.مهد کودک.روف گاردن.گلخانه.شه,fardis-city,,real-estate-services,presell,real_estate_service,text_presell_or_project
پروژه فراز فرتاک/افق/اوج چیتگر قابل تهاتر,"⭐️پیش فروش پروژه فراز تعاونی فرتاک
✅فرصتی مناسب برای سرمایه گذاری و سکونت

✅بهترین انتخاب برای خانه دار شدن

▪️توضیحات ////

لوکیشن عالی
غرب دریاچه چیتگر تهران
مرواریدشهر منطقه۲۲
دارای امکانات به روز
دسترسی به تمامی مراکز
ویو بسیارعالی از طبقات پایین
در قالب ۱ بلوک ۲۴ طبقه مجزا

شروع متراژ واحد ها ۱",tehran,chitgar-lake,real-estate-services,presell,real_estate_service,text_presell_or_project
مسکن ملی فاز ۲ پشت هتل شادی,"با سلام 
زمین دوکله قطعه ی ۵۵۶ 
۲۰۴ متری دو خابه کامل زیر بنا.۴ طبقه ی دو واحدی پارکینگ دار.
۹۰ میلیون واریزی 
قیمت....چهارصدو پنجاه میلیون",sanandaj,,real-estate-services,presell,real_estate_service,text_presell_or_project
۱۰۵ متر پیش فروش اتشگاه خیابان عشوریون,"✅✅دپارتمان املاک سادات✅✅
کد اگهی‌:۷۱۵۴
۱۰۵ متر
جنوبی
دو‌خواب
خام
قیمت پایه ۴۳ میلیون
۴۵ درصد نقد
۵ درصد سند
۵ درصد تحویل
۴۵ درصد اقساط ۲۴ ماهه
✅✅✅✅✅✅✅✅✅✅✅✅✅✅✅✅
برای اطلاعات بیشتر تماس بگیرید
مشاور شما مهندس فرشاد مستاجران
مدیریت‌مهندس بینا",isfahan,bazougah,real-estate-services,presell,real_estate_service,text_presell_or_project
